<application>
  <component name="KeymapFlagsStorage">
    <option name="keymapToDescriptor">
      <map>
        <entry key="PrT15 - Arch Linux">
          <value>
            <list />
          </value>
        </entry>
        <entry key="Use This Keymap">
          <value>
            <list />
          </value>
        </entry>
        <entry key="Windows Proper Redo">
          <value>
            <list />
          </value>
        </entry>
      </map>
    </option>
  </component>
</application>