<application>
  <component name="ProjectManager">
    <defaultProject>
      <component name="PropertiesComponent">{
  &quot;keyToString&quot;: {
    &quot;settings.editor.selected.configurable&quot;: &quot;settings.sync&quot;
  }
}</component>
      <component name="WindowStateProjectService">
        <state x="1228" y="709" key="FileChooserDialogImpl" timestamp="1756135340174">
          <screen x="0" y="0" width="2880" height="1800" />
        </state>
        <state x="1228" y="709" key="FileChooserDialogImpl/0.0.2880.1800" timestamp="1756135340174" />
        <state x="944" y="573" key="SettingsEditor" timestamp="1756133393111">
          <screen x="0" y="0" width="2880" height="1800" />
        </state>
        <state x="944" y="573" key="SettingsEditor/0.0.2880.1800" timestamp="1756133393111" />
        <state x="1040" y="585" width="800" height="706" key="new project wizard" timestamp="1756135343768">
          <screen x="0" y="0" width="2880" height="1800" />
        </state>
        <state x="1040" y="585" width="1640" height="1005" key="new project wizard.ideScale=150" timestamp="1756305733361">
          <screen x="0" y="0" width="2880" height="1800" />
        </state>
        <state x="1040" y="585" width="1640" height="1005" key="new project wizard.ideScale=150/0.0.2880.1800" timestamp="1756305733360" />
        <state x="1040" y="585" width="800" height="706" key="new project wizard/0.0.2880.1800" timestamp="1756135343768" />
      </component>
    </defaultProject>
  </component>
</application>