<application>
  <component name="DimensionService">
    <location key="find.popup.0.0.2880.1800@144dpi" x="964" y="219" />
    <size key="GridCell.Tab.0.left.0.0.2880.1800@144dpi" width="2740" height="500" />
    <size key="GridCell.Tab.0.center.0.0.2880.1800@144dpi" width="2740" height="500" />
    <size key="GridCell.Tab.0.right.0.0.2880.1800@144dpi" width="2740" height="500" />
    <size key="GridCell.Tab.0.bottom.0.0.2880.1800@144dpi" width="2740" height="500" />
    <size key="find.popup.0.0.2880.1800@144dpi" width="1136" height="1473" />
  </component>
  <component name="WindowManager">
    <frame x="8" y="84" width="1422" height="1708" />
  </component>
  <component name="WindowStateApplicationService">
    <state x="1440" y="938" width="2864" height="1708" key="WELCOME_SCREEN" timestamp="1756135273013">
      <screen x="0" y="0" width="2880" height="1800" />
    </state>
    <state x="2161" y="938" width="1422" height="1708" key="WELCOME_SCREEN.ideScale=150" timestamp="1756305720055">
      <screen x="0" y="0" width="2880" height="1800" />
    </state>
    <state x="2161" y="938" width="1422" height="1708" key="WELCOME_SCREEN.ideScale=150/0.0.2880.1800" timestamp="1756305720055" />
    <state x="1440" y="938" width="2864" height="1708" key="WELCOME_SCREEN/0.0.2880.1800" timestamp="1756135273013" />
  </component>
</application>