<keymap version="1" name="PrT15 - Arch Linux" parent="$default">
  <action id="$Redo">
    <keyboard-shortcut first-keystroke="shift ctrl z" />
    <keyboard-shortcut first-keystroke="shift alt back_space" />
    <keyboard-shortcut first-keystroke="ctrl y" />
  </action>
  <action id="ActivateTerminalToolWindow">
    <keyboard-shortcut first-keystroke="alt f12" />
    <keyboard-shortcut first-keystroke="ctrl j" />
  </action>
  <action id="CollapseExpandableComponent">
    <keyboard-shortcut first-keystroke="ctrl subtract" />
    <keyboard-shortcut first-keystroke="ctrl minus" />
  </action>
  <action id="Console.Execute.Multiline" />
  <action id="Console.SplitLine" />
  <action id="Console.TableResult.EditValueMaximized">
    <keyboard-shortcut first-keystroke="shift alt enter" />
  </action>
  <action id="DirDiffMenu.SynchronizeDiff.All" />
  <action id="Docker.RemoteServers.StartComposeService" />
  <action id="EditorDeleteLine" />
  <action id="EditorLineEnd">
    <keyboard-shortcut first-keystroke="end" />
    <keyboard-shortcut first-keystroke="shift enter" />
  </action>
  <action id="EditorSplitLine" />
  <action id="EditorStartNewLine">
    <keyboard-shortcut first-keystroke="ctrl enter" />
  </action>
  <action id="ExpandExpandableComponent">
    <keyboard-shortcut first-keystroke="ctrl add" />
    <keyboard-shortcut first-keystroke="ctrl equals" />
  </action>
  <action id="FindPrevious">
    <keyboard-shortcut first-keystroke="shift f3" />
    <keyboard-shortcut first-keystroke="shift ctrl l" />
    <keyboard-shortcut first-keystroke="alt left" />
  </action>
  <action id="InsertLiveTemplate" />
  <action id="KotlinShellExecute" />
  <action id="NextTab" />
  <action id="NotebookRunCellAction" />
  <action id="NotebookRunCellSelectBelowAction" />
  <action id="OpenInRightSplit">
    <mouse-shortcut keystroke="alt button1 doubleClick" />
  </action>
  <action id="PreviousTab" />
  <action id="ReformatCode">
    <keyboard-shortcut first-keystroke="ctrl alt l" />
    <keyboard-shortcut first-keystroke="alt f" />
  </action>
  <action id="SelectAllOccurrences">
    <keyboard-shortcut first-keystroke="shift ctrl alt j" />
    <keyboard-shortcut first-keystroke="alt d" />
  </action>
  <action id="SelectNextOccurrence">
    <keyboard-shortcut first-keystroke="alt j" />
    <keyboard-shortcut first-keystroke="alt right" />
  </action>
  <action id="SplitChooser.Duplicate" />
  <action id="TableResult.SelectAllOccurrences">
    <keyboard-shortcut first-keystroke="shift ctrl alt j" />
    <keyboard-shortcut first-keystroke="alt d" />
  </action>
  <action id="Terminal.SmartCommandExecution.Run" />
  <action id="ViewSource" />
</keymap>