<keymap version="1" name="VSCode (Migrated)" parent="VSCode">
  <action id="CommentByBlockComment">
    <keyboard-shortcut first-keystroke="shift alt a" />
    <keyboard-shortcut first-keystroke="shift ctrl slash" />
  </action>
  <action id="EditorToggleColumnMode">
    <keyboard-shortcut first-keystroke="shift alt insert" />
    <keyboard-shortcut first-keystroke="shift enter" />
  </action>
  <action id="ReformatCode">
    <keyboard-shortcut first-keystroke="shift alt f" />
    <keyboard-shortcut first-keystroke="alt f" />
  </action>
  <action id="SelectAllOccurrences">
    <keyboard-shortcut first-keystroke="shift ctrl l" />
    <keyboard-shortcut first-keystroke="ctrl f2" />
    <keyboard-shortcut first-keystroke="alt j" />
  </action>
  <action id="SelectNextOccurrence">
    <keyboard-shortcut first-keystroke="ctrl d" />
    <keyboard-shortcut first-keystroke="ctrl f3" />
    <keyboard-shortcut first-keystroke="alt right" />
  </action>
</keymap>