<code_scheme name="Default" version="173">
  <CMakeCodeStyleSettings>
    <option name="ALIGN_COMMAND_CALL_R_PAR" value="true" />
    <option name="ALIGN_CONTROL_FLOW_R_PAR" value="true" />
  </CMakeCodeStyleSettings>
  <RiderCodeStyleSettings>
    <option name="/Default/CodeStyle/CodeFormatting/CppCodeStyle/BracesInIfStatement/@EntryValue" value="Required" type="string" />
    <option name="/Default/CodeStyle/CodeFormatting/CppCodeStyle/BracesInForStatement/@EntryValue" value="Required" type="string" />
    <option name="/Default/CodeStyle/CodeFormatting/CppCodeStyle/BracesInWhileStatement/@EntryValue" value="Required" type="string" />
  </RiderCodeStyleSettings>
  <RsCodeStyleSettings>
    <option name="ALIGN_RET_TYPE" value="false" />
    <option name="ALIGN_WHERE_CLAUSE" value="true" />
    <option name="INDENT_WHERE_CLAUSE" value="true" />
    <option name="PRESERVE_PUNCTUATION" value="true" />
  </RsCodeStyleSettings>
  <codeStyleSettings language="CMake">
    <option name="ALIGN_MULTILINE_PARAMETERS_IN_CALLS" value="true" />
    <indentOptions>
      <option name="CONTINUATION_INDENT_SIZE" value="4" />
    </indentOptions>
  </codeStyleSettings>
</code_scheme>